"ID","Description","GeneRatio","BgRatio","RichFactor","FoldEnrichment","oddsRatio","zScore","pvalue","p.adjust","qvalue","geneID","Count"
"GO:0009060","aerobic respiration","75/322","130/964",0.576923076923077,1.72718585762064,3.24070666175929,6.30968444666585,7.85356568551344e-10,6.03153844647432e-07,6.03153844647432e-07,"NDUFS4/NDUFB5/PDP1/CYC1/MDH2/SLC25A14/COX5B/COX5A/BCKDK/UQCRC1/COX8A/NDUFA2/NNT/DLAT/STOML2/NDUFB6/SHMT2/COX6A1/PDHA1/NDUFC2/IDH3B/PDHB/NDUFA12/COX7C/MTFR2/NDUFV1/COX7B/COX7A2/NDUFS8/COX6B1/SDHB/PDK2/NDUFS3/NDUFA11/PDK3/FH/NDUFS2/PRKACA/SUCLA2/UQCRB/PDHX/SUCLG1/C2orf69/COX6B2/NDUFA9/PDK1/DGUOK/UQCRH/NDUFS1/COX8C/COX7A1/GHITM/IDH3G/PINK1/NDUFB10/UQCR10/NDUFB3/CS/MFN2/NDUFA5/NDUFAB1/NDUFB9/NDUFB4/NDUFV2/COX4I2/CYCS/UQCR11/NDUFAF1/NDUFA6/NDUFA8/IDH3A/NDUFS5/CHCHD2/OGDHL/UQCRFS1",75
"GO:0045333","cellular respiration","82/322","148/964",0.554054054054054,1.65872083263388,2.98181818181818,6.16539267779449,1.65561898090336e-09,6.25313271578261e-07,6.25313271578261e-07,"NDUFS4/NDUFB5/PDP1/CYC1/MDH2/SLC25A14/COX5B/COX5A/BCKDK/UQCRC1/COX8A/NDUFA2/NNT/DLAT/STOML2/NDUFB6/SHMT2/COX6A1/PDHA1/COQ10B/FOXRED1/NDUFC2/IDH3B/PDHB/NDUFA12/COX7C/MTFR2/NDUFV1/COX7B/COX7A2/NDUFS8/COX6B1/SDHB/HIGD1A/PDK2/NDUFS3/NDUFA11/PDK3/FH/HIGD2A/NDUFS2/PRKACA/SUCLA2/UQCRB/PDHX/SUCLG1/C2orf69/COX6B2/NDUFA9/PDK1/DGUOK/UQCRH/PRELID1/NDUFS1/COX8C/COX7A1/GHITM/IDH3G/PINK1/NDUFB10/UQCR10/NDUFB3/CS/MFN2/NDUFA5/NDUFAB1/NDUFB9/NDUFB4/NDUFV2/COX4I2/CYCS/HCCS/UQCR11/TRAP1/NDUFAF1/NDUFA6/NDUFA8/IDH3A/NDUFS5/CHCHD2/OGDHL/UQCRFS1",82
"GO:0015980","energy derivation by oxidation of organic compounds","83/322","152/964",0.546052631578947,1.6347662634848,2.8839366927415,6.03574914550271,3.43022565166923e-09,6.25313271578261e-07,6.25313271578261e-07,"NDUFS4/NDUFB5/PDP1/CYC1/MDH2/SLC25A14/COX5B/COX5A/BCKDK/UQCRC1/COX8A/NDUFA2/NNT/DLAT/STOML2/NDUFB6/SHMT2/COX6A1/PDHA1/COQ10B/FOXRED1/NDUFC2/IDH3B/PDHB/NDUFA12/COX7C/MTFR2/NDUFV1/COX7B/COX7A2/NDUFS8/COX6B1/SDHB/HIGD1A/PDK2/NDUFS3/NDUFA11/PDK3/FH/HIGD2A/NDUFS2/PRKACA/SUCLA2/UQCRB/PDHX/SUCLG1/ACSM1/C2orf69/COX6B2/NDUFA9/PDK1/DGUOK/UQCRH/PRELID1/NDUFS1/COX8C/COX7A1/GHITM/IDH3G/PINK1/NDUFB10/UQCR10/NDUFB3/CS/MFN2/NDUFA5/NDUFAB1/NDUFB9/NDUFB4/NDUFV2/COX4I2/CYCS/HCCS/UQCR11/TRAP1/NDUFAF1/NDUFA6/NDUFA8/IDH3A/NDUFS5/CHCHD2/OGDHL/UQCRFS1",83
"GO:0042773","ATP synthesis coupled electron transport","48/322","73/964",0.657534246575342,1.9685186760827,4.32350364963504,6.09262072006375,4.07104994517097e-09,6.25313271578261e-07,6.25313271578261e-07,"NDUFS4/NDUFB5/CYC1/COX5B/COX5A/UQCRC1/COX8A/NDUFA2/NDUFB6/COX6A1/NDUFC2/NDUFA12/COX7C/NDUFV1/COX7B/COX7A2/NDUFS8/COX6B1/SDHB/NDUFS3/NDUFA11/NDUFS2/UQCRB/NDUFA9/DGUOK/UQCRH/NDUFS1/COX8C/COX7A1/GHITM/PINK1/NDUFB10/UQCR10/NDUFB3/NDUFA5/NDUFAB1/NDUFB9/NDUFB4/NDUFV2/COX4I2/CYCS/UQCR11/NDUFAF1/NDUFA6/NDUFA8/NDUFS5/CHCHD2/UQCRFS1",48
"GO:0042775","mitochondrial ATP synthesis coupled electron transport","48/322","73/964",0.657534246575342,1.9685186760827,4.32350364963504,6.09262072006375,4.07104994517097e-09,6.25313271578261e-07,6.25313271578261e-07,"NDUFS4/NDUFB5/CYC1/COX5B/COX5A/UQCRC1/COX8A/NDUFA2/NDUFB6/COX6A1/NDUFC2/NDUFA12/COX7C/NDUFV1/COX7B/COX7A2/NDUFS8/COX6B1/SDHB/NDUFS3/NDUFA11/NDUFS2/UQCRB/NDUFA9/DGUOK/UQCRH/NDUFS1/COX8C/COX7A1/GHITM/PINK1/NDUFB10/UQCR10/NDUFB3/NDUFA5/NDUFAB1/NDUFB9/NDUFB4/NDUFV2/COX4I2/CYCS/UQCR11/NDUFAF1/NDUFA6/NDUFA8/NDUFS5/CHCHD2/UQCRFS1",48
"GO:0022904","respiratory electron transport chain","53/322","86/964",0.616279069767442,1.84500938899321,3.63602568435282,5.81215339218472,1.77026384102028e-08,2.26593771650596e-06,2.26593771650596e-06,"NDUFS4/NDUFB5/CYC1/COX5B/COX5A/UQCRC1/COX8A/NDUFA2/NDUFB6/COX6A1/FOXRED1/NDUFC2/NDUFA12/COX7C/NDUFV1/COX7B/COX7A2/NDUFS8/COX6B1/SDHB/HIGD1A/NDUFS3/NDUFA11/HIGD2A/NDUFS2/UQCRB/C2orf69/NDUFA9/DGUOK/UQCRH/NDUFS1/COX8C/COX7A1/GHITM/PINK1/NDUFB10/UQCR10/NDUFB3/NDUFA5/NDUFAB1/NDUFB9/NDUFB4/NDUFV2/COX4I2/CYCS/HCCS/UQCR11/NDUFAF1/NDUFA6/NDUFA8/NDUFS5/CHCHD2/UQCRFS1",53
"GO:0006091","generation of precursor metabolites and energy","87/322","168/964",0.517857142857143,1.55035492457853,2.56406619385343,5.55666902293425,4.49153889865415e-08,4.9278598202377e-06,4.9278598202377e-06,"NDUFS4/NDUFB5/PDP1/CYC1/MDH2/SLC25A14/COX5B/COX5A/BCKDK/UQCRC1/COX8A/NDUFA2/NNT/DLAT/STOML2/NDUFB6/SHMT2/COX6A1/PDHA1/COQ10B/FOXRED1/NDUFC2/IDH3B/PDHB/HMGCS2/NDUFA12/COX7C/MTFR2/NDUFV1/COX7B/COX7A2/NDUFS8/COX6B1/SDHB/HIGD1A/PDK2/NDUFS3/NDUFA11/PDK3/FH/HIGD2A/OXCT2/NDUFS2/PRKACA/SUCLA2/UQCRB/PDHX/SUCLG1/ACSM1/C2orf69/COX6B2/NDUFA9/PDK1/DGUOK/UQCRH/PRELID1/NDUFS1/COX8C/OXCT1/COX7A1/GHITM/IDH3G/PINK1/NDUFB10/UQCR10/NDUFB3/CS/MFN2/NDUFA5/NDUFAB1/NDUFB9/NDUFB4/NDUFV2/COX4I2/CYCS/HCCS/UQCR11/TRAP1/NDUFAF1/NDUFA6/NDUFA8/IDH3A/NDUFS5/CHCHD2/SLC25A4/OGDHL/UQCRFS1",87
"GO:0022900","electron transport chain","53/322","88/964",0.602272727272727,1.80307735742518,3.4169941582581,5.59397124504187,5.60388638767996e-08,5.37973093217276e-06,5.37973093217276e-06,"NDUFS4/NDUFB5/CYC1/COX5B/COX5A/UQCRC1/COX8A/NDUFA2/NDUFB6/COX6A1/FOXRED1/NDUFC2/NDUFA12/COX7C/NDUFV1/COX7B/COX7A2/NDUFS8/COX6B1/SDHB/HIGD1A/NDUFS3/NDUFA11/HIGD2A/NDUFS2/UQCRB/C2orf69/NDUFA9/DGUOK/UQCRH/NDUFS1/COX8C/COX7A1/GHITM/PINK1/NDUFB10/UQCR10/NDUFB3/NDUFA5/NDUFAB1/NDUFB9/NDUFB4/NDUFV2/COX4I2/CYCS/HCCS/UQCR11/NDUFAF1/NDUFA6/NDUFA8/NDUFS5/CHCHD2/UQCRFS1",53
"GO:0019646","aerobic electron transport chain","44/322","70/964",0.628571428571429,1.88181011535049,3.74986164914222,5.42286636555196,1.5375190743765e-07,1.31201627680128e-05,1.31201627680128e-05,"NDUFS4/NDUFB5/CYC1/COX5B/COX5A/UQCRC1/COX8A/NDUFA2/NDUFB6/COX6A1/NDUFC2/COX7C/NDUFV1/COX7B/COX7A2/NDUFS8/COX6B1/SDHB/NDUFS3/NDUFA11/NDUFS2/UQCRB/NDUFA9/UQCRH/NDUFS1/COX8C/COX7A1/PINK1/NDUFB10/UQCR10/NDUFB3/NDUFA5/NDUFAB1/NDUFB9/NDUFB4/NDUFV2/COX4I2/CYCS/UQCR11/NDUFAF1/NDUFA6/NDUFA8/NDUFS5/UQCRFS1",44
"GO:0006119","oxidative phosphorylation","52/322","88/964",0.590909090909091,1.7690570299266,3.24197530864198,5.356996896289,1.89353478029994e-07,1.45423471127036e-05,1.45423471127036e-05,"NDUFS4/NDUFB5/CYC1/COX5B/COX5A/UQCRC1/COX8A/NDUFA2/STOML2/NDUFB6/SHMT2/COX6A1/NDUFC2/NDUFA12/COX7C/NDUFV1/COX7B/COX7A2/NDUFS8/COX6B1/SDHB/NDUFS3/NDUFA11/NDUFS2/UQCRB/C2orf69/COX6B2/NDUFA9/DGUOK/UQCRH/NDUFS1/COX8C/COX7A1/GHITM/PINK1/NDUFB10/UQCR10/NDUFB3/NDUFA5/NDUFAB1/NDUFB9/NDUFB4/NDUFV2/COX4I2/CYCS/UQCR11/NDUFAF1/NDUFA6/NDUFA8/NDUFS5/CHCHD2/UQCRFS1",52
"GO:1902600","proton transmembrane transport","40/322","63/964",0.634920634920635,1.90081829833383,3.81745297563984,5.23502360214498,4.13818944506389e-07,2.88920863073551e-05,2.88920863073551e-05,"NDUFS4/NDUFB5/CYC1/SLC25A14/COX5B/COX5A/UQCRC1/COX8A/NDUFA2/NNT/NDUFB6/NDUFC2/SLC25A27/NDUFA12/NDUFV1/COX7B/NDUFS8/COX6B1/NDUFS3/NDUFS2/SLC25A22/NDUFA9/UQCRH/NDUFS1/COX7A1/GHITM/LETM1/NDUFB10/UQCR10/NDUFB3/NDUFA5/NDUFB9/NDUFB4/NDUFV2/SLC25A12/NDUFA6/NDUFA8/NDUFS5/SLC25A4/UQCRFS1",40
"GO:0098655","monoatomic cation transmembrane transport","50/322","89/964",0.561797752808989,1.68190383139089,2.84219457013575,4.77955730281863,2.96462051949087e-06,0.000189735713247416,0.000189735713247416,"NDUFS4/NDUFB5/CYC1/SLC25A14/COX5B/COX5A/UQCRC1/COX8A/NDUFA2/NNT/AFG3L2/NDUFB6/SPG7/NDUFC2/SLC25A27/NDUFA12/NDUFV1/COX7B/NDUFS8/COX6B1/MCUR1/NDUFS3/SLC25A23/NDUFS2/SLC25A22/PRKACA/MRS2/NDUFA9/UQCRH/NDUFS1/ABCB8/COX7A1/GHITM/LETM1/NDUFB10/UQCR10/MCU/NDUFB3/NDUFA5/NDUFB9/NDUFB4/NDUFV2/SLC25A12/SLC30A9/MICU1/NDUFA6/NDUFA8/NDUFS5/SLC25A4/UQCRFS1",50
"GO:0034220","monoatomic ion transmembrane transport","54/322","99/964",0.545454545454545,1.63297571993224,2.67313432835821,4.70619762514537,3.91174623397361e-06,0.000231093931360902,0.000231093931360902,"NDUFS4/NDUFB5/CYC1/SLC25A14/COX5B/COX5A/UQCRC1/SFXN1/COX8A/NDUFA2/NNT/AFG3L2/NDUFB6/SPG7/NDUFC2/SLC25A27/NDUFA12/NDUFV1/COX7B/NDUFS8/VDAC2/COX6B1/MCUR1/NDUFS3/SLC25A23/NDUFS2/SLC25A22/PRKACA/MRS2/NDUFA9/UQCRH/NDUFS1/ABCB8/COX7A1/GHITM/LETM1/NDUFB10/SFXN3/UQCR10/MCU/NDUFB3/NDUFA5/VDAC3/NDUFB9/NDUFB4/NDUFV2/SLC25A12/SLC30A9/MICU1/NDUFA6/NDUFA8/NDUFS5/SLC25A4/UQCRFS1",54
"GO:0006812","monoatomic cation transport","50/322","96/964",0.520833333333333,1.55926501035197,2.38171355498721,4.08758661578309,5.3269070492201e-05,0.00292218900985788,0.00292218900985788,"NDUFS4/NDUFB5/CYC1/SLC25A14/COX5B/COX5A/UQCRC1/COX8A/NDUFA2/NNT/AFG3L2/NDUFB6/SPG7/NDUFC2/SLC25A27/NDUFA12/NDUFV1/COX7B/NDUFS8/COX6B1/MCUR1/NDUFS3/SLC25A23/NDUFS2/SLC25A22/PRKACA/MRS2/NDUFA9/UQCRH/NDUFS1/ABCB8/COX7A1/GHITM/LETM1/NDUFB10/UQCR10/MCU/NDUFB3/NDUFA5/NDUFB9/NDUFB4/NDUFV2/SLC25A12/SLC30A9/MICU1/NDUFA6/NDUFA8/NDUFS5/SLC25A4/UQCRFS1",50
"GO:0006811","monoatomic ion transport","54/322","108/964",0.5,1.49689440993789,2.19402985074627,3.87893651505652,0.000113720894560663,0.00582250980150597,0.00582250980150597,"NDUFS4/NDUFB5/CYC1/SLC25A14/COX5B/COX5A/UQCRC1/SFXN1/COX8A/NDUFA2/NNT/AFG3L2/NDUFB6/SPG7/NDUFC2/SLC25A27/NDUFA12/NDUFV1/COX7B/NDUFS8/VDAC2/COX6B1/MCUR1/NDUFS3/SLC25A23/NDUFS2/SLC25A22/PRKACA/MRS2/NDUFA9/UQCRH/NDUFS1/ABCB8/COX7A1/GHITM/LETM1/NDUFB10/SFXN3/UQCR10/MCU/NDUFB3/NDUFA5/VDAC3/NDUFB9/NDUFB4/NDUFV2/SLC25A12/SLC30A9/MICU1/NDUFA6/NDUFA8/NDUFS5/SLC25A4/UQCRFS1",54
"GO:0006120","mitochondrial electron transport, NADH to ubiquinone","24/322","38/964",0.631578947368421,1.89081399150049,3.61265580057526,3.96594694406047,0.000123046567718448,0.00590623525048552,0.00590623525048552,"NDUFS4/NDUFB5/NDUFA2/NDUFB6/NDUFC2/NDUFV1/NDUFS8/NDUFS3/NDUFA11/NDUFS2/NDUFA9/NDUFS1/PINK1/NDUFB10/NDUFB3/NDUFA5/NDUFAB1/NDUFB9/NDUFB4/NDUFV2/NDUFAF1/NDUFA6/NDUFA8/NDUFS5",24
"GO:0015986","proton motive force-driven ATP synthesis","25/322","43/964",0.581395348837209,1.74057489527661,2.91806958473625,3.51679427614511,0.000573863442874392,0.0244848402293074,0.0244848402293074,"NDUFS4/NDUFB5/NDUFA2/STOML2/NDUFB6/NDUFC2/NDUFA12/NDUFV1/NDUFS8/SDHB/NDUFS3/NDUFA11/NDUFS2/NDUFA9/NDUFS1/NDUFB10/NDUFB3/NDUFA5/NDUFAB1/NDUFB9/NDUFB4/NDUFV2/NDUFA6/NDUFA8/NDUFS5",25
"GO:0042776","proton motive force-driven mitochondrial ATP synthesis","25/322","43/964",0.581395348837209,1.74057489527661,2.91806958473625,3.51679427614511,0.000573863442874392,0.0244848402293074,0.0244848402293074,"NDUFS4/NDUFB5/NDUFA2/STOML2/NDUFB6/NDUFC2/NDUFA12/NDUFV1/NDUFS8/SDHB/NDUFS3/NDUFA11/NDUFS2/NDUFA9/NDUFS1/NDUFB10/NDUFB3/NDUFA5/NDUFAB1/NDUFB9/NDUFB4/NDUFV2/NDUFA6/NDUFA8/NDUFS5",25
"GO:0042407","cristae formation","11/322","14/964",0.785714285714286,2.35226264418811,7.53376205787781,3.60775329102492,0.000646544369152669,0.0261340039741711,0.0261340039741711,"SLC25A46/SAMM50/DNAJC11/ADCK1/OPA1/CHCHD3/APOO/PINK1/LETM1/MICU1/IMMT",11
"GO:0007006","mitochondrial membrane organization","26/322","47/964",0.553191489361702,1.65613849610149,2.59749034749035,3.26462532555931,0.0012603864773111,0.0483988407287463,0.0483988407287463,"TIMM50/MTX2/SLC25A46/BCS1L/TOMM5/SAMM50/DNAJC11/AGK/TIMM8A/ADCK1/CHCHD10/MTX3/OPA1/CHCHD3/TOMM20/GHITM/APOO/PINK1/LETM1/MFN2/TIMM8B/MICU1/TOMM22/MTCH1/IMMT/TIMM22",26
