"GeneSymbol","PD_logFC","AD_logFC","respiratory_chain"
"AADAT",0.0510924475947717,-0.234029999999999,FALSE
"AARS2",0.0441916308952175,-0.151479999999999,FALSE
"AASS",-0.114526097354004,0.335805000000002,FALSE
"ABAT",-0.270618505557705,-0.319078749999999,FALSE
"ABCA9",-0.172462936021862,-0.0507087499999996,FALSE
"ABCB10",0.00185693544824504,0.0868010000000008,FALSE
"ABCB6",0.00323114581504255,0.012960250000001,FALSE
"ABCB7",0.108426333148159,-0.0861927499999988,FALSE
"ABCB8",0.423294206858638,0.0693227500000008,FALSE
"ABCD1",-0.321586126599347,-0.0187137499999984,FALSE
"ABCD2",0.200826857446374,-0.6909685,FALSE
"ABCD3",-0.395096922759365,0.0346292500000011,FALSE
"ABHD10",-0.113723349976926,-0.440348999999998,FALSE
"ABHD11",0.0316992849264335,-0.0284017499999984,FALSE
"ACAA1",0.0334514852394407,-0.0883492499999987,FALSE
"ACAA2",-0.223931712604379,-0.0382689999999996,FALSE
"ACACA",0.215491465813237,-0.332110249999999,FALSE
"ACACB",0.0893933444976032,0.174673750000001,FALSE
"ACAD10",-0.0616787124689057,-0.109215749999999,FALSE
"ACAD8",0.229938589050089,-0.15327675,FALSE
"ACAD9",-0.301132225359441,-0.36961525,FALSE
"ACADL",0.213332368783596,0.0492250000000007,FALSE
"ACADM",-0.239877010720626,-0.0801799999999991,FALSE
"ACADS",-0.0530903687359431,0.101353500000001,FALSE
"ACADSB",-0.48103664088335,-0.19954525,FALSE
"ACADVL",0.131755438409579,-0.0498374999999991,FALSE
"ACAT1",-0.321796823984732,-0.2430445,FALSE
"ACCS",-0.417949495639724,0.213231250000001,FALSE
"ACLY",-0.285154822527477,-0.36997525,FALSE
"ACO2",0.0843327478893259,-0.281433749999999,FALSE
"ACOT11",-0.236587424319289,-0.0868332500000014,FALSE
"ACOT13",-0.13697437132576,-0.2894455,FALSE
"ACOT7",-0.5334720517599,-0.396553749999999,FALSE
"ACOT9",-0.252479213058189,-0.24759675,FALSE
"ACP6",0.0582184912665822,0.0740835000000006,FALSE
"ACSF2",0.17405208309053,0.0863852500000012,FALSE
"ACSF3",0.505937930822463,0.0114360000000009,FALSE
"ACSL1",0.223166599654959,0.132227999999999,FALSE
"ACSL6",-0.259496528604912,-0.395552249999999,FALSE
"ACSM1",0.362781039807849,0.220652500000001,FALSE
"ACSM2A",-0.531246895766274,0.273819500000001,FALSE
"ACSM2B",1.05277280937558,0.213751750000001,FALSE
"ACSM3",-0.453724506883293,-0.0179529999999997,FALSE
"ACSM5",-0.598069157094924,0.28201175,FALSE
"ACSS1",0.364876066225825,-0.0743682499999994,FALSE
"ACSS3",0.128765151366401,0.168831250000002,FALSE
"ADCK1",-0.0353245124738633,-0.296259999999999,FALSE
"ADCK2",-0.210208102672431,-0.151300999999999,FALSE
"ADCK5",0.413104437699002,-0.0180067499999991,FALSE
"ADCY10",0.469187054451141,0.0897447500000008,FALSE
"ADHFE1",-0.262983191993331,0.00216650000000112,FALSE
"AFG3L2",0.0533154136204973,-0.306415999999999,FALSE
"AGK",-0.147758804543946,-0.410673499999999,FALSE
"AGMAT",0.258705950612176,-0.184363749999999,FALSE
"AGPAT4",-0.46089159472139,-0.189482500000001,FALSE
"AGPAT5",-0.0269120523356168,-0.167438499999999,FALSE
"AGXT",-0.353052611563651,0.323478,FALSE
"AGXT2",0.46642864806548,0.20340425,FALSE
"AHCYL1",-0.0872584762595085,0.1320275,FALSE
"AIFM1",-0.0485066376484072,-0.26336575,FALSE
"AIFM2",-0.023060154419928,0.129698250000001,TRUE
"AIFM3",0.0152340589306537,0.100102000000002,FALSE
"AK2",0.0931395192546982,0.09216325,FALSE
"AK3",-0.0656040885437154,0.0807865000000008,FALSE
"AKAP1",0.10830899389687,-0.0936157499999992,FALSE
"AKAP10",0.22338520562122,-0.369925749999999,FALSE
"AKR1B10",0.729026058270791,0.25363625,FALSE
"AKR7A2",0.0158097426384738,0.1090555,FALSE
"ALAS1",-0.1728759808624,-0.38297675,FALSE
"ALAS2",-0.00331894980840072,0.09917375,FALSE
"ALDH18A1",-0.00060289324908934,-0.25057825,FALSE
"ALDH1B1",-0.0937424994366974,-0.10659575,FALSE
"ALDH1L1",-0.0232084348832849,0.0258975,FALSE
"ALDH1L2",0.122822854502786,-0.0505532499999991,FALSE
"ALDH2",-0.170229156254294,-0.0595249999999986,FALSE
"ALDH3A2",0.152115536262911,-0.0240597499999999,FALSE
"ALDH4A1",-0.658759360164575,-0.169325500000001,FALSE
"ALDH5A1",-0.0718422342921174,-0.302324499999999,FALSE
"ALDH6A1",0.0398147041769468,-0.136189624999999,FALSE
"ALDH7A1",-0.0407919320210125,-0.007429749999999,FALSE
"ALDH9A1",-0.198847040821376,0.0497642500000011,FALSE
"ALKBH1",0.0886077253743926,-0.1799735,FALSE
"ALKBH7",-0.238709865047132,-0.138614999999999,FALSE
"AMACR",-0.0343162029582463,-0.185505499999998,FALSE
"AMT",0.0963492032231552,0.10996725,FALSE
"ANGEL2",-0.174592533419415,-0.1997285,FALSE
"APEX1",-0.305181837443183,-0.242345,FALSE
"APOO",-0.375046204436114,-0.673522499999999,FALSE
"APOOL",-0.239319062063132,-0.35798875,FALSE
"ARF5",-0.378875188974197,-0.375665249999999,FALSE
"ARG2",0.390786475737169,-0.56502025,FALSE
"ARL2",0.0431383739001729,-0.195153749999999,FALSE
"ARMC10",-0.180625180333471,-0.216351624999999,FALSE
"ARMCX1",-0.308738866129339,-0.207334249999999,FALSE
"ARMCX2",-0.364624763680309,-0.266764249999998,FALSE
"ARMCX3",-0.0612329089541175,-0.360956499999999,FALSE
"ARMCX6",-0.0411635326008088,0.0837394999999999,FALSE
"ATAD1",-0.309430654654669,-0.290198749999999,FALSE
"ATAD3A",-0.100700812576932,0.195810500000002,FALSE
"ATAD3B",-0.22738934380876,0.105929750000001,FALSE
"ATPAF1",-0.264340425834438,-0.311627499999999,FALSE
"ATPAF2",-0.23066995037803,-0.161778249999999,FALSE
"AUH",-0.222153293025714,0.0184499999999999,FALSE
"AURKAIP1",0.0467613541917997,0.0977188750000009,FALSE
"BAD",0.089028575142381,-0.0746239999999995,FALSE
"BAK1",-0.180928425704157,-0.0256147499999999,FALSE
"BAX",0.357708254968829,0.110447750000001,FALSE
"BCAT2",0.107643160285411,0.00338124999999996,FALSE
"BCKDHA",-0.242313480547936,0.0261900000000024,FALSE
"BCKDHB",-0.42055469166448,-0.194791749999998,FALSE
"BCKDK",-0.216744907297242,-0.307908999999998,FALSE
"BCL2",-0.0310623480217263,0.0437357500000004,FALSE
"BCL2A1",0.825736089393579,-0.0534649999999991,FALSE
"BCL2L1",0.148671285260436,-0.149732999999999,FALSE
"BCL2L10",-0.222185063079907,-0.0916714999999992,FALSE
"BCL2L11",0.2415754683538,0.179917000000001,FALSE
"BCL2L13",-0.382720465956641,-0.1659245,FALSE
"BCL2L2",-0.276500383658005,-0.20006125,FALSE
"BCO2",0.527731143661201,0.0547237500000001,FALSE
"BCS1L",-0.169704036208374,-0.238580999999999,FALSE
"BDH1",-0.23715762809677,-0.3284675,FALSE
"BID",0.277496052803111,-0.19431425,FALSE
"BIK",-0.289328235171409,0.300214250000001,FALSE
"BLOC1S1",-0.23110610511808,-0.3004065,FALSE
"BNIP3",-0.0314818065414059,-0.492234999999998,FALSE
"BNIP3L",0.110434011043321,-0.266359999999999,FALSE
"BOK",0.695925957680244,0.137770000000001,FALSE
"BOLA1",0.0907213213572062,0.0447875000000005,FALSE
"BOLA3",0.00738589664619566,-0.168692499999997,FALSE
"BPHL",-0.209067035196656,-0.421829749999999,FALSE
"C12orf65",0.332569273074597,-0.0491714999999992,FALSE
"C15orf48",0.0179119050690105,0.117707000000001,FALSE
"C15orf61",0.0707161706258412,-0.454766749999999,FALSE
"C16orf91",-0.0857094049890565,0.112218750000001,FALSE
"C1QBP",-0.189069822600799,-0.183814500000001,FALSE
"C2orf69",0.0623681211982211,-0.3787575,TRUE
"C3orf33",0.0400676401343488,-0.268277499999999,FALSE
"C5orf63",0.0215656424435081,0.168852250000001,FALSE
"C6orf136",-0.241403488664006,-0.391010916666666,FALSE
"C8orf82",0.0644462253936798,0.101061250000001,FALSE
"CA5A",-0.959843361821545,0.164200250000001,FALSE
"CA5B",0.457299736297803,0.332700500000001,FALSE
"CARS2",0.376520054773563,-0.2086465,FALSE
"CASP3",0.130394585074066,0.0520877500000012,FALSE
"CASP8",0.487652553343301,0.339925749999999,FALSE
"CASP9",0.171030497665812,-0.148417999999999,FALSE
"CAT",0.267556361227954,-4.32500000004583e-05,FALSE
"CBR3",-0.457685833450972,-0.039902249999999,FALSE
"CBR4",0.0374955924517199,-0.0376839999999981,FALSE
"CCDC127",0.135368503724778,-0.0958963749999995,FALSE
"CCDC51",0.054729006555936,-0.0428820000000003,FALSE
"CCDC58",-0.0972473844721878,-0.10461225,FALSE
"CCDC90B",0.120271566175748,-0.0685567499999991,FALSE
"CDK5RAP1",-0.1688644937392,-0.077745499999999,FALSE
"CEP89",-0.00894085392466139,-0.0226492500000001,FALSE
"CHCHD1",-0.0641817890535449,-0.2965255,FALSE
"CHCHD10",-0.108029132443064,-0.326335999999998,FALSE
"CHCHD2",-0.339542984713287,-0.320729499999999,TRUE
"CHCHD3",0.0166007622045912,-0.291987,FALSE
"CHCHD4",-0.0184313457632585,-0.0521502499999992,FALSE
"CHCHD5",-0.0459784517127204,0.053486250000001,FALSE
"CHCHD6",-0.416928316806856,-0.180835999999999,FALSE
"CHCHD7",0.0101721398774073,-0.147303999999999,FALSE
"CHDH",0.363418296062634,0.173304000000002,FALSE
"CHPT1",0.395648331191264,-0.0824749999999997,FALSE
"CISD1",-0.411496316384594,-0.643392249999999,FALSE
"CKMT2",-0.0836212859421924,-0.0486952499999988,FALSE
"CLPB",0.00477115062424654,-0.321864749999998,FALSE
"CLPP",0.0164277362094816,0.0118367500000005,FALSE
"CLPX",0.00981959806964502,-0.0407592499999986,FALSE
"CLYBL",-0.274443011262821,-0.17687775,FALSE
"CMC1",0.00853870656010683,-0.179616749999999,FALSE
"CMC2",-0.00360109823740725,-0.244537499999999,FALSE
"CMC4",0.1459973176446,0.136779,FALSE
"CMPK2",-0.628729499072421,-0.0696784999999983,FALSE
"COA1",0.236147443570445,-0.203721249999998,FALSE
"COA3",-0.0471590077848682,-0.321812500000001,FALSE
"COA4",-0.0994111702279028,0.0448812500000007,FALSE
"COA5",0.126078618466259,-0.147261749999999,FALSE
"COA6",-0.12629083953186,-0.470450249999999,FALSE
"COA7",-0.16233777193582,-0.3600595,FALSE
"COASY",0.272683338316526,-0.0853182499999999,FALSE
"COMT",0.169571659473491,0.108603750000001,FALSE
"COMTD1",-0.37532876062647,0.14559775,FALSE
"COQ10A",-0.105725335756381,-0.173293,FALSE
"COQ10B",0.0441484604351257,-0.456378249999999,FALSE
"COQ2",0.167296279423323,-0.0462137500000005,FALSE
"COQ3",-0.00565138611633968,-0.364381999999999,FALSE
"COQ4",-0.147061741887137,-0.000909750000000121,FALSE
"COQ5",0.0792269320960552,-0.0724089999999982,FALSE
"COQ6",0.3193188727545,-0.12465725,FALSE
"COQ7",-0.220126735783982,-0.0583902499999991,FALSE
"COQ9",0.281487248670761,-0.281202749999999,FALSE
"COX10",-0.0418746607355177,-0.171379999999999,FALSE
"COX11",-0.197171210821814,-0.116955749999999,FALSE
"COX14",0.0227555400575505,-0.163884749999999,FALSE
"COX15",0.0228751645192454,-0.262427749999999,FALSE
"COX17",0.676799412254554,-0.140583125,FALSE
"COX18",-0.0846872510519542,-0.204412,FALSE
"COX19",0.317924672396638,-0.133834999999999,FALSE
"COX20",0.0764881699756025,-0.0590357499999994,FALSE
"COX4I1",-0.15822491950612,-0.156366749999999,TRUE
"COX4I2",0.394892916201695,0.313474000000001,TRUE
"COX5A",-0.270860669926033,-0.2128875,TRUE
"COX5B",0.107263154981097,-0.313672499999999,TRUE
"COX6A1",0.0825641588686183,-0.269203749999999,TRUE
"COX6A2",0.0252532715478691,0.191765750000002,TRUE
"COX6B1",-0.154365082024024,-0.289777499999999,TRUE
"COX6B2",-0.694632133965786,0.257912750000001,FALSE
"COX6C",-0.201086614025557,-0.431131999999998,TRUE
"COX7A1",0.175341410664167,-0.324337499999999,TRUE
"COX7A2",-0.0553815560656148,-0.440914499999999,TRUE
"COX7A2L",-0.422353243282162,-0.1504435,TRUE
"COX7B",-0.303681619201919,-0.656364499999999,TRUE
"COX7B2",0.573274197258909,0.16366525,TRUE
"COX7C",-0.0729415592055244,-0.2498525,TRUE
"COX8A",-0.207610498817883,-0.321813749999999,TRUE
"COX8C",0.824066717757245,0.208282500000001,TRUE
"CPOX",-0.185590427022185,0.11725525,FALSE
"CPS1",-0.63230566246919,0.250219,FALSE
"CPT1A",0.0189832270896935,-0.245244999999998,FALSE
"CPT1C",-0.307778542520361,-0.6237905,FALSE
"CPT2",-0.149543981090189,0.0349372500000017,FALSE
"CRAT",-0.420877621029236,-0.275029249999998,FALSE
"CRLS1",0.101802288574104,-0.122239999999999,FALSE
"CROT",-0.354804725584729,-0.285116249999998,FALSE
"CRY1",0.499044206880398,0.0793827500000005,FALSE
"CRYZ",0.209597128304534,-0.206352999999999,FALSE
"CS",0.13079162602914,-0.334703749999999,FALSE
"CYB5B",-0.0503823617056854,-0.336236249999998,FALSE
"CYB5R3",-0.49840938099741,-0.0665925000000002,FALSE
"CYC1",-0.261396183515589,-0.328138999999998,TRUE
"CYCS",-0.107698112280137,-0.456957249999999,TRUE
"CYP11A1",0.167985238457625,0.1473935,FALSE
"CYP11B1",0.30604625412798,0.161651,FALSE
"CYP11B2",0.0919523634911565,0.0691510000000012,FALSE
"CYP24A1",0.640787622948512,0.0637310000000001,FALSE
"CYP27A1",0.672937909152046,0.36001,FALSE
"CYP27B1",0.565006002194138,0.143785500000002,FALSE
"D2HGDH",0.696462716777519,0.108680125,FALSE
"DAP3",0.153061732541213,-0.099682499999999,FALSE
"DARS2",0.121679154470413,-0.182218750000001,FALSE
"DBI",0.0931076777953008,0.0929482500000007,FALSE
"DBT",0.0300356397009147,-0.1987345,FALSE
"DCAKD",-0.324231489206287,-0.263209999999999,FALSE
"DCXR",0.143514363203529,-0.174749999999999,FALSE
"DDX28",-0.202173278870212,-0.13766775,FALSE
"DECR1",-0.129941575773119,-0.106582999999999,FALSE
"DGUOK",-0.468776231016107,-0.417918249999999,TRUE
"DHODH",0.244702755561249,0.0741210000000012,FALSE
"DHRS1",0.0910968408508692,0.0136637500000022,FALSE
"DHRS2",0.106679712003832,0.20594375,FALSE
"DHRS7B",-0.450014845168997,-0.11654675,FALSE
"DHTKD1",-0.0735086618384437,0.00139275000000195,FALSE
"DHX30",0.0461425547941359,-0.302870249999999,FALSE
"DIABLO",-0.175844924354508,-0.26289275,FALSE
"DLAT",-0.470212839167352,-0.4689085,FALSE
"DLD",-0.504934907691536,-0.42906025,FALSE
"DLST",-0.286497062812091,-0.208036249999999,FALSE
"DMGDH",-0.357202887716395,0.0259345000000007,FALSE
"DMPK",0.169071333459391,0.0899817500000016,FALSE
"DNA2",0.757400488888942,0.1065935,FALSE
"DNAJA3",0.0862872760746035,-0.136758999999999,FALSE
"DNAJC11",-0.256928910523102,-0.453899499999999,FALSE
"DNAJC15",-0.345215524878673,-0.134731249999999,FALSE
"DNAJC19",-0.201999908061748,-0.3096885,FALSE
"DNAJC28",-0.46341437332529,-0.541732000000001,FALSE
"DNAJC30",-0.0840981702967669,-0.128989749999999,FALSE
"DNAJC4",-0.0292497103219011,0.0202520000000019,FALSE
"DNM1L",-0.0371253242438732,-0.485528749999999,FALSE
"DTYMK",0.265043817995442,0.0971777500000009,FALSE
"DUS2",0.0531667874646628,-0.1924875,FALSE
"DUT",0.293138565017948,-0.104290749999999,FALSE
"EARS2",-0.207049399334681,-0.0737549999999988,FALSE
"ECH1",0.0724514895170074,-0.271878749999999,FALSE
"ECHDC1",-0.0924458429230103,-0.195808249999999,FALSE
"ECHDC2",0.0781328671283272,0.0857695000000006,FALSE
"ECHDC3",0.588031493181655,0.0411602500000005,FALSE
"ECHS1",-0.0971695189045396,-0.283642749999999,FALSE
"ECI1",0.121523307614852,0.12484025,FALSE
"ECI2",-0.0798436227989716,-0.138052,FALSE
"ECSIT",0.322455420537621,-0.0786509999999985,FALSE
"EFHD1",0.524096449176511,0.221545000000001,FALSE
"EHHADH",-0.230403844967905,-0.0806339999999996,FALSE
"ELAC2",-0.298629726244353,-0.228321499999999,FALSE
"ENDOG",0.0384754013825812,0.0663585000000006,FALSE
"EPHX2",-0.0907126178089342,0.17257125,FALSE
"ERAL1",-0.19407265623171,-0.478224249999999,FALSE
"ETFA",-0.054416103348788,-0.187417249999999,TRUE
"ETFB",-0.152418811658324,-0.156504749999999,TRUE
"ETFDH",-0.100993274479966,-0.0817527499999989,TRUE
"ETHE1",-0.154676996191288,0.0110697499999991,FALSE
"EXD2",0.118475976724874,-0.193300999999998,FALSE
"EXOG",-0.472739290791195,-0.221234499999999,FALSE
"FABP1",0.128343149325399,0.334565250000001,FALSE
"FAHD1",-0.0545149227747382,-0.453232500000001,FALSE
"FAHD2A",-0.0106132619276836,0.109508375,FALSE
"FAM162A",-0.297391038517285,-0.4702535,FALSE
"FAM185A",0.357226759616541,-0.083555124999999,FALSE
"FAM210A",-0.117947738797757,-0.40679175,FALSE
"FAM210B",0.131070114753719,0.217668000000001,FALSE
"FARS2",-0.137644473271293,-0.16018775,FALSE
"FASN",0.0623124665409325,-0.1164575,FALSE
"FASTK",-0.21713470478514,0.00628425000000058,FALSE
"FASTKD1",0.116420348242081,-0.45164575,FALSE
"FASTKD2",-0.327429280288996,-0.321698999999999,FALSE
"FASTKD3",-0.385759641509626,-0.283189,FALSE
"FBXL4",0.302032087348773,-0.10021675,FALSE
"FDPS",-0.0705093757704078,-0.0691982499999987,FALSE
"FDX1",-0.142113290396311,-0.0685602499999998,FALSE
"FDXR",0.241896637062982,0.121027750000001,FALSE
"FECH",-0.266733504360069,-0.109997749999999,FALSE
"FH",-0.411208274072031,-0.430145249999999,FALSE
"FHIT",-0.23629767123199,-0.229593749999998,FALSE
"FIS1",-0.320846797567131,-0.0961974999999987,FALSE
"FKBP10",0.0485846770678661,0.1024465,FALSE
"FKBP8",0.0947242140931213,-0.457225,FALSE
"FLAD1",0.0195827402993255,-0.0151732499999995,FALSE
"FOXRED1",-0.276836599030829,-0.345448999999998,TRUE
"FPGS",-0.392419249922472,0.084664750000001,FALSE
"FTH1",0.128599380659495,-0.00921124999999974,FALSE
"FUNDC1",-0.41154857534972,-0.390414249999999,FALSE
"FUNDC2",0.142120397484665,-0.228530499999999,FALSE
"FXN",-0.229722326230714,-0.0588059999999994,FALSE
"GADD45GIP1",0.457565947915482,0.0648552500000008,FALSE
"GATC",-0.0641987840199057,-0.0242834999999982,FALSE
"GATM",0.105707193437701,0.0866375000000025,FALSE
"GCAT",-0.0357941785318832,0.0225919999999996,FALSE
"GCDH",0.163788406095338,0.0254722500000009,FALSE
"GDAP1",-0.694984377164648,-0.560948749999998,FALSE
"GFER",-0.0807117066020862,-0.0495192499999999,FALSE
"GFM1",-0.240540572521732,-0.265865499999999,FALSE
"GFM2",-0.163313405644953,-0.453142499999999,FALSE
"GHITM",-0.327975690859482,-0.586915000000001,TRUE
"GLDC",0.0789957765353435,-0.00296049999999855,FALSE
"GLOD4",-0.216584522676718,-0.132293999999998,FALSE
"GLRX2",0.136990028503257,-0.0747497499999991,FALSE
"GLRX5",-0.121578815208649,-0.0951838749999993,FALSE
"GLS",-0.0672724501760038,-0.758074999999997,FALSE
"GLS2",-0.342650362823039,-0.308657499999999,FALSE
"GLUD1",-0.320497966411727,-0.064274999999998,FALSE
"GLUD2",-0.323920352518207,0.0494017500000004,FALSE
"GLYAT",0.459202388402052,0.1939075,FALSE
"GLYCTK",-0.45605518408393,0.141412500000001,FALSE
"GOLPH3",0.0682837531537418,-0.0586119999999992,FALSE
"GOT2",-0.233986824276165,-0.565767499999999,FALSE
"GPAM",0.279277317699748,-0.31785975,FALSE
"GPAT2",0.982121151957376,0.128391250000001,FALSE
"GPD2",-0.167757506157814,-0.37389975,FALSE
"GPT2",-0.222831532601583,-0.0662444999999999,FALSE
"GPX1",0.0193149665357685,-0.0114804999999985,FALSE
"GPX4",-0.209940470570131,-0.337597499999998,FALSE
"GRHPR",-0.0519273930316219,-0.0440814999999995,FALSE
"GRPEL1",0.0127373305145391,-0.195568999999999,FALSE
"GRPEL2",-0.247613885477375,-0.112589999999998,FALSE
"GRSF1",-0.0358001633385806,-0.300923749999999,FALSE
"GSR",0.0956124621214222,-0.224702499999998,FALSE
"GSTK1",-0.105074029135206,-0.109798749999999,FALSE
"GSTZ1",-1.15419942187573,0.0835400000000009,FALSE
"GTPBP10",-0.32379293512336,-0.286753,FALSE
"GTPBP3",-0.31164629042873,0.0944152500000011,FALSE
"GTPBP6",0.122302159081992,0.0762960000000004,FALSE
"GUF1",-0.399644551716872,-0.437596999999998,FALSE
"GUK1",0.0350046863952135,-0.260090249999998,FALSE
"HADH",0.0643445728035396,-0.0259267500000008,FALSE
"HADHA",0.0545401401679978,-0.0171162500000003,FALSE
"HADHB",-0.141302432028924,-0.00838424999999786,FALSE
"HAGH",0.162410130013406,-0.147199999999999,FALSE
"HAO2",1.26025853057587,0.132975500000001,FALSE
"HARS2",0.117446293110486,-0.150603,FALSE
"HCCS",-0.0951295164348458,-0.557691,TRUE
"HDHD3",-0.0329387999533825,-0.0521227499999998,FALSE
"HEBP1",0.116612299954693,-0.152524750000001,FALSE
"HEMK1",0.210134284002519,0.0478777500000008,FALSE
"HIBADH",0.0471493123423721,-0.0803697499999986,FALSE
"HIBCH",0.243779657905174,0.0475375000000009,FALSE
"HIGD1A",-0.396862717853772,-0.587688999999999,TRUE
"HIGD2A",-0.0875585986829959,-0.341964250000001,TRUE
"HINT1",-0.182093552446696,-0.213821749999998,FALSE
"HINT2",-0.176236127720608,-0.228706249999999,FALSE
"HINT3",-0.185648656150496,-0.318004499999999,FALSE
"HMGCL",-0.227478031985556,-0.0231867499999994,FALSE
"HMGCS2",-0.204894660725017,0.297414250000001,FALSE
"HOGA1",-0.445428583159906,0.2213535,FALSE
"HPDL",0.43520237420172,0.2613925,FALSE
"HSCB",0.0450639738194338,0.0819457500000007,FALSE
"HSD17B10",-0.200115892126446,0.0374777500000015,FALSE
"HSD17B4",-0.0491296362465129,-0.0363892500000003,FALSE
"HSD17B8",-0.466445484702995,0.246698000000002,FALSE
"HSDL1",0.00996266727609983,-0.34157875,FALSE
"HSDL2",-0.442546483514674,-0.0997102500000005,FALSE
"HSPA9",-0.0373068262078993,-0.138144999999999,FALSE
"HSPD1",0.0232313443077379,-0.0841962499999975,FALSE
"HSPE1",0.401845764202326,-0.0345169999999991,FALSE
"HTATIP2",0.353617858468795,-0.0603519999999993,FALSE
"HTRA2",0.0388934104803642,-0.10613125,FALSE
"IARS2",-0.252166590782342,-0.206706499999999,FALSE
"IBA57",0.0943002068065855,0.0253352500000011,FALSE
"IDE",-0.0216364226321525,-0.0280417499999999,FALSE
"IDH2",-0.516701414038608,-0.0842524999999982,FALSE
"IDH3A",0.0626725692618939,-0.451031249999999,FALSE
"IDH3B",-0.142852716147036,-0.300655,FALSE
"IDH3G",-0.310760361165382,-0.475796249999999,FALSE
"IDI1",-0.122924767369685,-0.154907499999998,FALSE
"IFI27",-0.32604138834452,0.230946500000001,FALSE
"IMMP1L",-0.613604393277245,-0.177377999999999,FALSE
"IMMP2L",0.618676337078379,-0.153644499999999,FALSE
"IMMT",-0.452692451124801,-0.347325499999999,FALSE
"ISCA1",-0.357992305097839,-0.397298375,FALSE
"ISCA2",0.00227007318313992,-0.0193557499999983,FALSE
"ISCU",-0.420657643390728,-0.303865999999998,TRUE
"ISOC2",-0.262413915283569,-0.00342324999999943,FALSE
"IVD",-0.276671482362585,-0.20038875,FALSE
"KMO",-0.155456604120414,-0.144947249999999,FALSE
"L2HGDH",0.182380664155197,0.0145610000000012,FALSE
"LACTB",0.166440292438384,-0.0363535000000001,FALSE
"LACTB2",-0.0341438187121228,-0.145259749999998,FALSE
"LAP3",-0.0954157009928307,0.116082750000001,FALSE
"LARS2",-0.0870205999648784,-0.363324749999998,FALSE
"LDHAL6B",0.339687845125437,0.258043500000001,FALSE
"LDHB",-0.111787134624709,-0.222004999999999,FALSE
"LDHD",-0.909220530077473,0.0294145000000004,FALSE
"LETM1",-0.0047054808949281,-0.209701249999998,FALSE
"LETM2",0.265832650756141,-0.115929,FALSE
"LETMD1",-0.208117808875804,-0.20184425,FALSE
"LIAS",-0.00934581319511969,-0.308265,FALSE
"LIG3",-0.158378739808788,-0.0477467499999983,FALSE
"LIPT1",0.0605621941784901,0.0327037499999998,FALSE
"LONP1",-0.0471968938636604,-0.122518,FALSE
"LRPPRC",-0.0639626235765185,-0.427539249999998,FALSE
"LYPLA1",-0.0771549576967888,-0.2739165,FALSE
"LYPLAL1",-0.269230577422587,-0.0415584999999993,FALSE
"LYRM1",-0.097321193708838,-0.2465815,FALSE
"LYRM2",-0.099421980525214,-0.173300124999998,FALSE
"LYRM4",-0.395107972889679,-0.332669999999999,FALSE
"LYRM7",-0.152262512687032,-0.275364499999999,FALSE
"LYRM9",-0.45088325605716,-0.6263485,FALSE
"MACROD1",0.722267882441908,0.147303000000001,FALSE
"MALSU1",0.132346439242572,-0.308981999999999,FALSE
"MAOA",-0.139346221611256,0.0953412500000011,FALSE
"MAOB",-0.0409653808035065,-0.0192699999999996,FALSE
"MARS2",0.25893929011232,-0.140891499999998,FALSE
"MAVS",-0.00252401133578099,0.0293640000000008,FALSE
"MCAT",-0.32073590671184,-0.30216875,FALSE
"MCCC1",0.00265037295597267,0.0058785000000008,FALSE
"MCCC2",-0.0891040276942871,-0.0607839999999996,FALSE
"MCEE",-0.224647905441035,0.0157400000000007,FALSE
"MCL1",-0.052231123725013,0.123051250000001,FALSE
"MCU",0.0724288060273434,-0.310308749999999,FALSE
"MCUR1",0.0792942835884438,-0.348533999999999,FALSE
"MDH2",-0.367587781871276,-0.506864999999998,FALSE
"ME2",-0.379120862066874,-0.203888749999999,FALSE
"ME3",-0.156778500323058,-0.290525999999997,FALSE
"MECR",-0.612433978191154,-0.2074155,FALSE
"METAP1D",-0.382271643938681,-0.0479514999999995,FALSE
"METTL15",0.214495650166793,-0.106067375,FALSE
"METTL17",0.0108070773659339,0.0889382500000004,FALSE
"METTL4",0.304512995165667,-0.1651735,FALSE
"METTL5",-0.0628210412959371,-0.202978749999999,FALSE
"METTL8",-0.0750818014121218,0.0104557500000008,FALSE
"MFF",-0.0145308381877235,-0.161389999999999,FALSE
"MFN1",-0.208307584272654,-0.0605479999999997,FALSE
"MFN2",-0.282318925805656,-0.255788999999999,FALSE
"MGARP",0.21514337447752,0.0373432500000014,FALSE
"MGME1",-0.108686831808208,0.177483250000001,FALSE
"MGST1",-0.0260773231340603,-0.1089685,FALSE
"MGST3",0.0579807979708027,-0.438412499999999,FALSE
"MICU1",-0.105479033234197,-0.54466025,FALSE
"MICU2",-0.0119005377706106,-0.136938500000001,FALSE
"MICU3",-0.119101048110597,-0.431141249999999,FALSE
"MIEF1",-0.103898836213168,-0.2932635,FALSE
"MIEF2",-0.364558891757078,0.118120000000001,FALSE
"MIPEP",-0.456248084602398,-0.0572575000000003,FALSE
"MLYCD",0.637379632568066,-0.074342749999999,FALSE
"MMAA",-0.221116459600392,-0.207649749999998,FALSE
"MMAB",0.206172273581743,0.0903427500000008,FALSE
"MMADHC",-0.167159603361173,-0.291202749999999,FALSE
"MOCS1",0.117397998005238,0.0686224999999993,FALSE
"MPC1",0.0275829271951243,-0.179499249999998,FALSE
"MPC2",-0.183832353721146,-0.548051,FALSE
"MPST",0.153009787582147,0.13966125,FALSE
"MPV17",-0.0819540946600104,-0.296574999999998,FALSE
"MPV17L",-0.0105957283215818,-0.0409997499999999,FALSE
"MPV17L2",-0.718767347388383,-0.165293249999999,FALSE
"MRM1",0.0991605391958126,0.00255550000000196,FALSE
"MRPL1",-0.167878268202796,-0.3175645,FALSE
"MRPL10",-0.0837777608803564,0.0600462500000013,FALSE
"MRPL11",0.125840610093417,0.214616,FALSE
"MRPL12",0.171553287613934,0.0707647500000007,FALSE
"MRPL13",-0.285838461063688,-0.186101999999999,FALSE
"MRPL14",-0.159377875335612,0.0194727500000003,FALSE
"MRPL15",-0.389990345900684,-0.490350249999999,FALSE
"MRPL16",-0.00755982461454368,-0.344552000000002,FALSE
"MRPL17",0.215343937429838,-0.175041,FALSE
"MRPL18",0.25123158621073,-0.23078175,FALSE
"MRPL19",-0.0912537301391744,-0.1951925,FALSE
"MRPL2",-0.026341153894502,-0.181810499999999,FALSE
"MRPL20",-0.0465355541239518,0.056472875000001,FALSE
"MRPL21",-0.160973080269293,-0.401588249999999,FALSE
"MRPL22",-0.107758982787909,-0.1422105,FALSE
"MRPL23",0.377813951867651,-0.0104054999999997,FALSE
"MRPL24",-0.287484324631919,-0.0150597499999997,FALSE
"MRPL27",0.0257187528859261,0.0594024999999999,FALSE
"MRPL28",-0.095580810152135,-0.387226249999999,FALSE
"MRPL3",-0.0770004865098118,-0.179887749999999,FALSE
"MRPL30",-0.379887925644047,-0.439751000000001,FALSE
"MRPL32",-0.209357781626486,-0.15499675,FALSE
"MRPL33",0.0888212690936058,-0.177592749999999,FALSE
"MRPL34",0.277928196712246,-0.199065499999999,FALSE
"MRPL35",0.0868627034682705,-0.360845749999999,FALSE
"MRPL36",0.0535759756071221,0.12486,FALSE
"MRPL37",-0.390586094799871,-0.386688999999998,FALSE
"MRPL38",-0.205604804460585,-0.0747897499999995,FALSE
"MRPL39",0.344242992300916,-0.0930664999999983,FALSE
"MRPL4",-0.0586121886820605,-0.140931500000001,FALSE
"MRPL40",0.0199547415073177,-0.38029,FALSE
"MRPL41",0.185993771409781,0.139968500000001,FALSE
"MRPL42",-0.397347396544379,-0.38805075,FALSE
"MRPL43",-0.0784097926036968,-0.107965999999999,FALSE
"MRPL44",-0.0497105508555901,-0.467857249999999,FALSE
"MRPL45",0.101984542418417,-0.567947499999998,FALSE
"MRPL46",0.0274086608495077,-0.36277075,FALSE
"MRPL47",0.398639823009066,-0.361425249999999,FALSE
"MRPL48",0.265170008490148,-0.126216499999999,FALSE
"MRPL49",-0.0669173123039878,-0.1954485,FALSE
"MRPL50",-0.0936551287761094,-0.137075249999999,FALSE
"MRPL51",-0.0294584067677343,-0.280497499999999,FALSE
"MRPL52",0.00116827951873562,-0.0880882499999988,FALSE
"MRPL54",-0.133589975343005,0.0920267500000002,FALSE
"MRPL55",-0.327379890377983,0.0059945000000012,FALSE
"MRPL57",0.0269139844885597,-0.179206249999999,FALSE
"MRPL9",0.131205593910448,-0.3343905,FALSE
"MRPS10",-0.337869554952042,-0.162804749999999,FALSE
"MRPS11",0.00867572977532684,-0.458368749999998,FALSE
"MRPS12",0.0738388696378123,-0.245660249999999,FALSE
"MRPS14",-0.0778316455158787,-0.0728687499999993,FALSE
"MRPS15",-0.0757923361148523,-0.284324499999999,FALSE
"MRPS16",-0.181033946110138,-0.176314999999999,FALSE
"MRPS17",0.058439237525776,-0.10137275,FALSE
"MRPS18A",-0.327964254926114,-0.346090749999999,FALSE
"MRPS18B",-0.0756365666494642,-0.190741,FALSE
"MRPS18C",0.0408342604014199,-0.678869249999999,FALSE
"MRPS2",-0.00472819660810515,-0.322004499999999,FALSE
"MRPS21",-0.143691786504212,-0.326855,FALSE
"MRPS22",-0.0618299132735552,-0.164841749999998,FALSE
"MRPS23",-0.167816413173278,-0.336438499999999,FALSE
"MRPS25",-0.559507309471584,-0.150175499999999,FALSE
"MRPS26",0.274157932597241,0.141235250000001,FALSE
"MRPS27",-0.280164718343464,-0.32770575,FALSE
"MRPS28",-0.0846217853373235,-0.159265999999999,FALSE
"MRPS30",-0.000590560737839304,-0.361606499999999,FALSE
"MRPS31",-0.216422044724064,-0.237087749999999,FALSE
"MRPS33",-0.288559652034258,-0.250714499999999,FALSE
"MRPS34",0.176351918003934,-0.00380274999999858,FALSE
"MRPS35",-0.113067381990583,-0.378521499999999,FALSE
"MRPS36",-0.252027685211271,-0.611830499999999,FALSE
"MRPS5",0.284160921311513,-0.136956,FALSE
"MRPS7",-0.199933052370335,-0.304766499999999,FALSE
"MRPS9",0.0317184213638296,-0.177265999999998,FALSE
"MRRF",0.259065013489461,-0.162267249999999,FALSE
"MRS2",0.0339537957341827,-0.270834499999999,FALSE
"MSRA",0.0563861698833835,-0.179892749999999,FALSE
"MSRB2",-0.139281443188707,-0.200782249999999,FALSE
"MSRB3",0.0573262493218727,0.279256,FALSE
"MTCH1",-0.0591918199787967,-0.338951249999999,FALSE
"MTCH2",-0.415333501151704,-0.286329999999998,FALSE
"MTERF1",0.403952429446546,-0.13929675,FALSE
"MTERF2",0.00288715616802233,-0.0907252499999989,FALSE
"MTERF3",0.0139554334503636,-0.050655499999999,FALSE
"MTERF4",-0.122039853015428,0.0333100000000019,FALSE
"MTFMT",-0.0585987485233964,-0.34602975,FALSE
"MTFP1",0.00382784234530554,0.0726075000000004,FALSE
"MTFR1",0.0365129023573774,0.00278575000000228,FALSE
"MTFR1L",-0.0675414450047061,-0.247828499999999,FALSE
"MTFR2",-0.0683049376799953,0.231712250000001,FALSE
"MTG1",0.56624403970646,-0.0517077499999996,FALSE
"MTG2",0.11241346009148,-0.0798847499999996,FALSE
"MTHFD1L",0.0611105528847016,0.0923229999999999,FALSE
"MTHFD2",-0.123177647119282,0.29525625,FALSE
"MTHFD2L",0.279978961381373,0.0532425000000015,FALSE
"MTIF2",0.137780170884958,-0.226001999999999,FALSE
"MTIF3",-0.0728426607364113,-0.0616839999999997,FALSE
"MTO1",0.210415238199663,-0.0801727499999993,FALSE
"MTRF1",0.0394547672091276,-0.0428302499999998,FALSE
"MTRF1L",0.335196672127069,-0.109931499999999,FALSE
"MTX1",-0.070744064763325,0.0568445,FALSE
"MTX2",-0.209012154219896,-0.428241999999998,FALSE
"MTX3",-0.0669248990816274,-0.374193499999999,FALSE
"MUL1",-0.135393182506839,-0.168439,FALSE
"MUTYH",0.424518609160415,0.23995425,FALSE
"MYO19",-0.107163775195872,0.0176267500000012,FALSE
"NADK2",0.17961058639287,0.0861994999999996,FALSE
"NAGS",0.235491903841955,0.213771,FALSE
"NARS2",0.0661549065907307,-0.206310499999998,FALSE
"NAT8L",0.261765489735849,-0.259080999999999,FALSE
"NBR1",-0.09423601820959,-0.154275999999999,FALSE
"NDUFA1",-0.19554044841628,-0.176851749999999,TRUE
"NDUFA10",-0.300603113055379,-0.124579499999999,TRUE
"NDUFA11",-0.167154553546233,-0.171812999999999,TRUE
"NDUFA12",-0.0489708453140045,-0.2576725,TRUE
"NDUFA13",-0.2887870345596,-0.00744425000000037,TRUE
"NDUFA2",-0.166702441329885,-0.701451749999999,TRUE
"NDUFA3",-0.322573797769582,-0.201682499999999,TRUE
"NDUFA4",-0.234885707593732,-0.388915499999999,FALSE
"NDUFA5",-0.35436088060229,-0.531806499999999,TRUE
"NDUFA6",-0.14321276770201,-0.348638,TRUE
"NDUFA7",-0.389230612397943,-0.144649999999999,TRUE
"NDUFA8",0.000753506327363933,-0.365431749999998,TRUE
"NDUFA9",-0.360173296969042,-0.445831249999999,TRUE
"NDUFAB1",-0.255888131778296,-0.5786725,TRUE
"NDUFAF1",-0.132730722823795,-0.668029749999999,TRUE
"NDUFAF2",-0.0237168443080945,0.0336481250000009,FALSE
"NDUFAF3",-0.0714833963691775,-0.079149249999999,FALSE
"NDUFAF4",-0.109990346505525,-0.729961999999999,FALSE
"NDUFAF5",-0.446646030901256,-0.584480499999999,FALSE
"NDUFAF7",-0.176486544762903,-0.397292499999998,FALSE
"NDUFB1",-0.079841362074182,-0.223956,TRUE
"NDUFB10",-0.245372892314712,-0.369292749999999,TRUE
"NDUFB11",0.0237063772695864,-0.0982274999999978,TRUE
"NDUFB2",0.0285610450510383,-0.127583249999998,TRUE
"NDUFB3",-0.124530950693692,-0.540326999999999,TRUE
"NDUFB4",0.190321421027133,-0.362740749999999,TRUE
"NDUFB5",-0.208876903023288,-0.873269999999998,TRUE
"NDUFB6",-0.0801079655899267,-0.446883999999999,TRUE
"NDUFB7",-0.217017892356491,-0.109860499999999,TRUE
"NDUFB8",-0.0764330727024188,-0.140197499999998,TRUE
"NDUFB9",-0.181689167353245,-0.245712499999999,TRUE
"NDUFC1",0.131940199774382,-0.0551069999999985,TRUE
"NDUFS1",-0.0838043675173169,-0.338523749999998,TRUE
"NDUFS2",0.0708086406836661,-0.334273749999999,TRUE
"NDUFS3",-0.179500068613092,-0.403324,TRUE
"NDUFS4",0.225705158492067,-0.122389624999999,TRUE
"NDUFS6",-0.185095914055931,0.0914475000000003,TRUE
"NDUFS7",0.226289524334688,-0.138950999999998,TRUE
"NDUFV1",-0.100354961877447,-0.4215025,TRUE
"NDUFV2",-0.357793122257575,-0.501602,TRUE
"NDUFV3",-0.155830741918452,-0.061149499999999,TRUE
"NEU4",-0.884188105864804,0.12596225,FALSE
"NFS1",-0.066158516224912,-0.218925999999999,FALSE
"NFU1",-0.108674535187465,-0.114618999999999,FALSE
"NGRN",-0.0204373346259033,-0.305677124999999,FALSE
"NIF3L1",0.0562130739493715,-0.178910249999999,FALSE
"NIPSNAP1",-0.429115076792082,-0.330214,FALSE
"NIPSNAP3A",-0.341412331186053,-0.32155175,FALSE
"NIPSNAP3B",-0.680685168242899,-0.327450749999999,FALSE
"NIT1",-0.376567612112401,-0.127377249999999,FALSE
"NIT2",-0.6082903941595,-0.460557999999998,FALSE
"NLN",-0.0155783039346376,-0.0440720000000004,FALSE
"NLRX1",-0.131937052129102,0.113542250000001,FALSE
"NME3",0.282677776056425,0.180386500000001,FALSE
"NME4",-0.0141802256961206,0.109667000000001,FALSE
"NME6",0.0290221980489102,-0.120165499999999,FALSE
"NMNAT3",0.184718128531305,-0.0417127499999995,FALSE
"NNT",0.178261540657052,-0.45914525,FALSE
"NOA1",0.174844601128758,-0.200806749999999,FALSE
"NSUN2",0.0911429043679986,0.0433475000000016,FALSE
"NSUN3",0.266072973832632,-0.0325389999999989,FALSE
"NSUN4",0.104915203771395,-0.2447915,FALSE
"NT5DC2",0.194296187199611,0.155425000000001,FALSE
"NT5DC3",0.429027456239987,-0.840328999999998,FALSE
"NT5M",0.387269061158002,0.0316975000000007,FALSE
"NTHL1",-0.049576628402162,0.0949332500000005,FALSE
"NUBPL",-0.405762704130504,-0.143376249999999,FALSE
"NUDT13",0.90076854326401,0.089266750000001,FALSE
"NUDT2",-0.18209995868983,-0.0927954999999988,FALSE
"NUDT5",0.174825060903137,-0.00547625000000032,FALSE
"NUDT6",-0.429286859444822,-0.143952499999999,FALSE
"NUDT9",0.523748943852216,-0.127834749999999,FALSE
"OAT",-0.300588675846798,-0.37544125,FALSE
"OCIAD1",0.172629407196576,-0.38865525,FALSE
"OCIAD2",-0.82121579914922,-0.297369499999999,FALSE
"OGDH",-0.260172216800687,-0.290849999999999,FALSE
"OGDHL",-0.475724756290754,-0.503696749999999,FALSE
"OGG1",-0.103794001437598,0.0787259999999998,FALSE
"OMA1",0.334473345453943,-0.0160915000000006,FALSE
"OPA1",-0.339129261555466,-0.457699999999998,FALSE
"OPA3",-0.584569093663708,-0.0408024999999992,FALSE
"OSBPL1A",0.0406898822858028,-0.2163085,FALSE
"OSGEPL1",0.17176009822326,0.117896749999999,FALSE
"OTC",0.316614946405196,0.222922500000001,FALSE
"OXA1L",-0.487718128914041,-0.103841999999999,FALSE
"OXCT1",-0.355386382881051,-0.849324499999999,FALSE
"OXCT2",0.248080818764245,0.167884500000001,FALSE
"OXLD1",0.0956709772232222,0.128371,FALSE
"OXNAD1",-0.160340049482215,-0.0769562499999988,FALSE
"OXR1",-0.0317387333604413,-0.97533375,FALSE
"OXSM",0.112443660982245,-0.119833749999999,FALSE
"PABPC5",0.149203348876767,0.129759500000001,FALSE
"PAICS",0.224577470465042,-0.279083499999999,FALSE
"PANK2",0.0635159570048486,-0.141975625,FALSE
"PARK7",-0.0421765825542261,-0.24673125,TRUE
"PARL",-0.351686957920567,0.00157800000000099,FALSE
"PARS2",0.00861377034203664,0.1345785,FALSE
"PC",0.202833259149444,0.0419312500000014,FALSE
"PCBD2",-0.348355813971396,0.0391025000000003,FALSE
"PCCA",-0.190109267890321,-0.0874782499999992,FALSE
"PCCB",-0.316272085636226,-0.161034,FALSE
"PCK2",-0.0270067418847972,0.0312382500000003,FALSE
"PDE12",0.251850668663769,-0.138616999999999,FALSE
"PDE2A",-0.113247860303766,-0.935552499999999,FALSE
"PDHA1",-0.0245192315131913,-0.46450975,FALSE
"PDHA2",-0.69902965917509,0.261214750000001,FALSE
"PDHB",-0.236357855841759,-0.409115999999999,FALSE
"PDHX",-0.170992841508592,-0.3348605,FALSE
"PDK1",-0.227826672544003,-0.318587249999998,FALSE
"PDK2",-0.115551435364224,-0.519095999999999,FALSE
"PDK3",-0.14226924727132,-0.633450499999998,FALSE
"PDK4",0.30840039374485,0.165097749999999,FALSE
"PDP1",0.253089739812478,-0.760119999999998,FALSE
"PDP2",0.302967044267077,-0.160281749999999,FALSE
"PDPR",0.153749219204156,-0.128140999999998,FALSE
"PDSS1",0.409130034231367,-0.0727827499999996,FALSE
"PDSS2",-0.0843600561324518,-0.143461249999999,FALSE
"PET117",0.0321630348026658,-0.414545999999998,FALSE
"PEX11B",-0.150676201116907,-0.519452499999998,FALSE
"PGAM5",-0.220360128471541,-0.139176500000001,FALSE
"PGS1",0.10913950823429,-0.143571999999999,FALSE
"PHB",0.160139639607255,-0.168239,FALSE
"PHB2",-0.224949466657935,-0.162573499999999,FALSE
"PHYH",0.0697465070384082,-0.0744254999999998,FALSE
"PICK1",0.421215093692142,-0.2029165,FALSE
"PIF1",-0.230527988845633,0.189924000000001,FALSE
"PINK1",-0.344295819210193,-0.398896,TRUE
"PITRM1",-0.189405228924645,-0.312997500000001,FALSE
"PLD6",0.252797972781781,0.0436224999999999,FALSE
"PLGRKT",-0.661392939276132,-0.10300825,FALSE
"PMAIP1",-0.533193470495658,0.337222750000001,FALSE
"PMPCA",-0.318478427326318,-0.1399695,FALSE
"PMPCB",0.0797132992936197,-0.38984575,FALSE
"PNKD",-0.10101526787183,-0.234020750000001,FALSE
"PNPLA8",-0.0437126604646062,-0.393620249999999,FALSE
"PNPO",-0.206345306389642,-0.503514749999999,FALSE
"PNPT1",0.714040115550695,0.0604275000000004,FALSE
"POLB",0.354499352907188,-0.414596249999999,FALSE
"POLDIP2",-0.22211014246505,-0.321183749999999,FALSE
"POLG",0.270926971000097,0.00579324999999963,FALSE
"POLG2",0.238087604890123,-0.00720549999999947,FALSE
"POLQ",-0.255853784860069,0.0899377500000009,FALSE
"POLRMT",0.411170224553507,-0.0684122500000002,FALSE
"PPA2",0.0616098995441674,-0.332827249999999,FALSE
"PPIF",-0.346258963139055,0.0490170000000006,FALSE
"PPM1K",-0.0109074760942722,-0.0474509999999993,FALSE
"PPOX",0.229991442552914,-0.0549992499999991,FALSE
"PPTC7",-0.132520003486577,-0.263234749999999,FALSE
"PRDX2",-0.178020463652531,-0.243641999999998,FALSE
"PRDX3",0.104353152087136,-0.362251249999997,FALSE
"PRDX4",-0.0585004000490515,-0.133291999999998,FALSE
"PRDX5",-0.046663851272304,-0.12349375,FALSE
"PRDX6",0.0178006615320956,0.124119000000001,FALSE
"PRELID1",0.0489780380866999,-0.236758749999999,FALSE
"PRELID2",0.5255361658609,0.152506500000001,FALSE
"PREPL",-0.330636659114806,-0.408875,FALSE
"PRIMPOL",0.047215240515858,-0.0520082499999985,FALSE
"PRKACA",-0.634066687490685,-0.30449825,FALSE
"PRODH2",0.235918793469167,0.150424,FALSE
"PRSS35",-0.14917113030595,-0.182343499999999,FALSE
"PTCD2",-0.0949480220548181,-0.214325249999999,FALSE
"PTCD3",-0.0221635492565845,-0.103026499999998,FALSE
"PTGES2",-0.179049085817007,-0.089233749999999,FALSE
"PTPMT1",-0.077068364788095,-0.0359795000000005,FALSE
"PTRH1",-0.113672643274719,0.0789262500000013,FALSE
"PTRH2",-0.08006524127859,-0.270904499999999,FALSE
"PUS1",0.114831840010216,0.0983460000000003,FALSE
"PUSL1",-0.87530513426173,0.0338715000000005,FALSE
"PXMP2",0.145597387547312,-0.122130625000001,FALSE
"PXMP4",0.0559867896242251,-0.149104,FALSE
"PYCR1",0.217662717404097,0.0221727500000008,FALSE
"QDPR",0.200963595072354,0.00057100000000159,FALSE
"QRSL1",-0.118701676009175,-0.0942099999999989,FALSE
"QTRT1",0.032935603344127,-0.0935940000000001,FALSE
"RAB24",0.305114852409953,-0.14472775,FALSE
"RARS2",-0.121568295639929,-0.0219297499999987,FALSE
"RBFA",0.164629915969582,-0.0576894999999997,FALSE
"RDH13",-0.12059687047001,0.0353902500000014,FALSE
"RECQL4",0.487173887961795,0.0544082500000002,FALSE
"REXO2",-0.1698726919339,-0.109735999999999,FALSE
"RFK",-0.490395566729039,-0.394432499999999,FALSE
"RHOT1",0.0594394725517458,-0.332058499999999,FALSE
"RHOT2",-0.471997212090092,-1.22500000005715e-05,FALSE
"RMDN1",-0.294912340044238,-0.0914247499999988,FALSE
"RMDN3",-0.0171692988661095,-0.102568999999999,FALSE
"RMND1",-0.375879351368921,-0.270383,FALSE
"RNASEH1",-0.139630952337423,-0.30061275,FALSE
"ROMO1",-0.191303207320272,-0.124628499999999,FALSE
"RPIA",0.135580866108259,0.07478475,FALSE
"RPUSD3",0.0927589796618059,-0.320946749999999,FALSE
"RPUSD4",0.0118664550393842,-0.235886249999999,FALSE
"RSAD1",0.385670205623348,0.103379500000001,FALSE
"RTN4IP1",-0.384636512784946,-0.0438649999999996,FALSE
"SAMM50",-0.15903405777828,-0.440877499999999,FALSE
"SARDH",0.0710171822563026,0.0865195000000005,FALSE
"SARS2",0.276605036455642,-0.0915810000000002,FALSE
"SCO1",-0.28698254875155,-0.044751250000001,FALSE
"SCO2",-0.12985379144325,0.122020500000002,FALSE
"SCP2",-0.158711855762152,-0.20391525,FALSE
"SDHA",-0.312422324278684,-0.185349999999999,TRUE
"SDHAF2",0.0403772668036166,-0.111590249999999,TRUE
"SDHB",-0.16095167947202,-0.407563749999998,TRUE
"SDHC",-0.144019686173444,-0.185696499999999,TRUE
"SDHD",-0.0992309484906846,-0.0973183750000002,TRUE
"SDR39U1",0.132186000038233,-0.00484800000000047,FALSE
"SDSL",-0.895842126579659,0.0290625000000021,FALSE
"SERAC1",-0.10677282077623,-0.22389875,FALSE
"SERHL2",0.577402645442417,-0.046034624999999,FALSE
"SETD9",-0.0577883204009926,0.241841750000001,FALSE
"SFXN1",-0.099346381329574,-0.442661499999998,FALSE
"SFXN2",0.0555563212285598,0.0645175000000005,FALSE
"SFXN3",0.148543974538153,-0.380253249999999,FALSE
"SFXN4",-0.0281116381307729,-0.0879077499999989,FALSE
"SFXN5",0.0863385618930634,-0.153657249999999,FALSE
"SHMT2",0.48386175646605,-0.2030315,FALSE
"SIRT3",-0.0913605746729455,-0.0525434999999971,FALSE
"SIRT4",1.23685021238218,0.0820937500000011,FALSE
"SIRT5",-0.102130892814933,-0.270473249999998,FALSE
"SLC25A1",0.129750932753241,0.114494000000001,FALSE
"SLC25A10",-0.400722916907535,0.0103887500000011,FALSE
"SLC25A11",-0.150632994717641,-0.5023515,FALSE
"SLC25A12",-0.137357520123572,-0.672153749999998,FALSE
"SLC25A13",-0.11652753677823,0.226676250000002,FALSE
"SLC25A14",-0.246327553709878,-0.372756749999999,FALSE
"SLC25A15",-0.542500920818871,0.00213975000000075,FALSE
"SLC25A16",-0.00600937012861795,-0.1522155,FALSE
"SLC25A18",0.010106189448059,0.0724000000000008,FALSE
"SLC25A19",0.309511462863552,-0.142872749999999,FALSE
"SLC25A20",-0.0143199876190895,-0.21577525,FALSE
"SLC25A21",-0.87569441202812,0.0645982500000007,FALSE
"SLC25A22",-0.267892337754545,-0.47515625,FALSE
"SLC25A23",0.110516684586427,-0.323829749999998,FALSE
"SLC25A24",0.0891797439311563,-0.0369944999999997,FALSE
"SLC25A25",-0.171017130867977,-0.180772750000001,FALSE
"SLC25A26",0.0190448442276933,-0.208342749999999,FALSE
"SLC25A27",-0.178405679473025,-0.508125249999999,FALSE
"SLC25A28",0.566034109259191,-0.00876374999999956,FALSE
"SLC25A29",0.4536167714419,0.200114250000001,FALSE
"SLC25A3",-0.141470901471103,-0.265527499999999,FALSE
"SLC25A30",0.161134592746546,-0.0736922499999997,FALSE
"SLC25A31",0.383273873262566,0.1799255,FALSE
"SLC25A32",-0.584875181183869,-0.277322999999998,FALSE
"SLC25A33",-0.0519850970532664,-0.174282124999998,FALSE
"SLC25A34",0.440058763156118,0.168529250000001,FALSE
"SLC25A35",-0.236184295448811,0.286721,FALSE
"SLC25A36",-0.242005189116146,-0.421596249999999,FALSE
"SLC25A37",0.155527496165296,0.120740625,FALSE
"SLC25A38",0.143337645245171,-0.227660749999998,FALSE
"SLC25A39",0.144478871625891,-0.0584339999999998,FALSE
"SLC25A4",0.0505091527701566,-0.689241249999998,FALSE
"SLC25A40",-0.456267941306217,-0.525273249999999,FALSE
"SLC25A41",1.35516334168842,0.0750547500000007,FALSE
"SLC25A42",0.18360919445181,-0.0442522499999993,FALSE
"SLC25A43",-0.0406278204520987,0.0116617499999999,FALSE
"SLC25A44",-0.106480842205351,-0.561561499999998,FALSE
"SLC25A45",-0.452860419949116,0.0365002500000005,FALSE
"SLC25A46",-0.410609990579268,-0.358386249999999,FALSE
"SLC25A47",-0.0926501057832416,0.215620000000001,FALSE
"SLC25A48",0.447842645827078,0.240756500000001,FALSE
"SLC25A5",-0.103187139573154,-0.110597499999999,FALSE
"SLC25A51",0.186025203598011,-0.104036499999998,TRUE
"SLC25A53",1.23762451241046,0.310156250000001,FALSE
"SLC25A6",-0.212554712540546,-0.199277499999997,FALSE
"SLC30A9",-0.301489565662747,-0.435938249999999,FALSE
"SLC8B1",-0.0381035054178683,0.0437267499999997,FALSE
"SLIRP",-0.223154494428899,-0.336579999999999,FALSE
"SMDT1",-0.136875088927308,-0.1622785,FALSE
"SMIM20",0.11043862832185,-0.0684017500000008,FALSE
"SMIM8",-0.0800282590250893,-0.283541249999999,FALSE
"SNAP29",-0.0852824186761553,-0.33737725,FALSE
"SND1",-0.11251568659564,-0.150117249999999,FALSE
"SOD1",0.016475239077316,-0.212041250000001,FALSE
"SOD2",-0.044060852451221,0.20584775,FALSE
"SPATA19",-0.247864212219701,0.216375,FALSE
"SPATA20",-0.196085689635678,-0.0231239999999997,FALSE
"SPG7",0.113080184805306,-0.188778249999999,FALSE
"SPHK2",-0.232220091694352,-0.0600985,FALSE
"SPHKAP",0.152259824147316,-0.72294,FALSE
"SPIRE1",0.350078358465716,-0.168342499999999,FALSE
"SPR",0.580658818762165,0.0172562499999999,FALSE
"SPRYD4",-0.140751471940023,-0.0861802499999988,FALSE
"SPTLC2",0.087077439767193,-0.0654829999999986,FALSE
"SSBP1",-0.0600272589830204,-0.178745749999999,FALSE
"STAR",-0.472387583716593,-0.207294749999999,FALSE
"STARD7",0.376900889494192,-0.079688749999999,FALSE
"STOM",-0.051966289780764,0.321305000000001,FALSE
"STX17",-0.165389540611363,0.0674532500000008,FALSE
"STYXL1",0.169967464116699,-0.118721999999999,FALSE
"SUCLA2",-0.211174509997802,-0.595331749999999,FALSE
"SUCLG1",-0.0825302416991715,-0.436029249999998,FALSE
"SUCLG2",-0.166816876661365,0.0363580000000012,FALSE
"SUGCT",-0.393737449938587,0.191642,FALSE
"SUOX",-0.0873098652488988,-0.210212249999998,FALSE
"SUPV3L1",-0.0962830361581308,-0.26879075,FALSE
"SURF1",-0.14626331253889,0.14352175,FALSE
"TACO1",-0.114338909238189,-0.21232775,FALSE
"TAMM41",0.201144065597674,-0.0891487499999987,FALSE
"TAZ",1.12181059659966,0.0963352500000017,FALSE
"TBRG4",0.179891764285701,-0.2047635,FALSE
"TCAIM",-0.0645534408742124,-0.314088999999999,FALSE
"TDRKH",-0.329079110186283,-0.309515999999999,FALSE
"TEFM",0.234134992706665,-0.13507725,FALSE
"TFAM",-0.0709644554353318,-0.0888830000000005,FALSE
"TFB1M",0.0663229528729893,-0.223264499999999,FALSE
"TFB2M",0.306423146734518,-0.218733749999999,FALSE
"THEM4",-0.312024071272324,-0.0405809999999993,FALSE
"THEM5",0.556836780219628,-0.0984405000000001,FALSE
"THG1L",0.153278703029495,0.00669500000000039,FALSE
"THNSL1",-0.371290984757197,-0.308991749999999,FALSE
"TIMM10",-0.263444930834078,-0.207747000000001,FALSE
"TIMM10B",-0.436691084351632,0.0226707500000006,FALSE
"TIMM13",-0.358661698731169,-0.0329932499999997,FALSE
"TIMM17A",-0.39378527236073,-0.507189999999999,FALSE
"TIMM17B",-0.560037085793946,-0.171316499999999,FALSE
"TIMM21",0.294902599885159,-0.244672749999999,FALSE
"TIMM22",-0.126002021383185,-0.407571249999999,FALSE
"TIMM23",0.0226857456668433,-0.298647999999998,FALSE
"TIMM44",-0.0935134902192011,0.116809500000001,FALSE
"TIMM50",0.0778787640772921,-0.358666499999999,FALSE
"TIMM8A",0.00066934693593873,-0.405032250000001,FALSE
"TIMM8B",-0.156256280512557,-0.341346999999999,FALSE
"TIMM9",0.0226676693940595,-0.28273225,FALSE
"TIMMDC1",0.0291197677678867,-0.182989500000001,FALSE
"TK2",0.0220066036102337,-0.169289749999999,FALSE
"TMEM11",0.0716677649352212,-0.00118250000000012,FALSE
"TMEM126A",-0.0412065457351674,-0.24556975,FALSE
"TMEM126B",-0.256518951406512,-0.269216999999999,FALSE
"TMEM143",0.350075691726802,0.0514840000000019,FALSE
"TMEM14C",0.100557058946477,-0.259449999999998,FALSE
"TMEM177",-0.191154842265496,-0.302978499999999,FALSE
"TMEM186",-0.0903754209942465,-0.0900572499999995,FALSE
"TMEM205",0.142754779024905,-0.147885749999999,FALSE
"TMEM65",0.286112320421066,-0.13736525,FALSE
"TMEM70",0.0195003998664516,-0.286762499999999,FALSE
"TMLHE",0.0955211067986767,-0.0819244999999994,FALSE
"TOMM20",-0.384505862006983,-0.854924999999999,FALSE
"TOMM22",-0.115907745228086,-0.608234124999999,FALSE
"TOMM34",-0.15113346993372,-0.674967999999999,FALSE
"TOMM40",-0.144442180092088,-0.0140347500000002,FALSE
"TOMM40L",-0.123259670345289,-0.193458499999999,FALSE
"TOMM5",-0.194413375176145,-0.32832275,FALSE
"TOP1MT",0.450170216666928,-0.111866999999999,FALSE
"TOP3A",-0.319351443814943,-0.228495,FALSE
"TRAP1",-0.309752925830112,-0.0187863749999993,FALSE
"TRIAP1",0.0691383151753968,0.110248250000001,FALSE
"TRIT1",-0.236209423219782,-0.0646827499999991,FALSE
"TRMT1",0.188786632987877,-0.110333749999999,FALSE
"TRMT10C",-0.326425278365969,-0.363530999999999,FALSE
"TRMT2B",0.344013128340127,-0.0601442499999993,FALSE
"TRMT5",-0.0918380337278343,-0.243940249999999,FALSE
"TRMT61B",-0.217693626533113,-0.365308999999999,FALSE
"TRMU",-0.0106148411804638,0.0258190000000008,FALSE
"TRNT1",0.0626789275211844,-0.201857999999999,FALSE
"TRUB2",-0.0492498533466149,-0.463529499999999,FALSE
"TSFM",0.152873690168301,-0.20200575,FALSE
"TSPO",0.17492571047757,0.125076500000001,FALSE
"TST",-0.107289547515977,0.0497050000000014,FALSE
"TSTD1",-0.381052682076595,0.068383750000001,FALSE
"TTC19",-0.427723758792866,-0.441695499999999,TRUE
"TUFM",-0.453270541654723,0.0189202500000012,FALSE
"TXN2",0.00326920661113129,-0.30504075,FALSE
"TXNRD1",-0.456295229690321,0.158082250000002,FALSE
"TXNRD2",0.111986318092753,-0.0777924999999989,FALSE
"UCP1",-0.252247452871697,0.281630000000001,FALSE
"UCP2",0.220479629229609,-0.0519669999999998,FALSE
"UCP3",0.913012786127964,0.154458000000001,FALSE
"UNG",0.245866394012118,0.0441927500000016,FALSE
"UQCC1",-0.0391611744071671,-0.29475625,FALSE
"UQCC2",0.126071165929515,-0.263762249999999,FALSE
"UQCR10",-0.156090101626889,-0.35959125,TRUE
"UQCR11",-0.213889663848715,-0.233322499999999,TRUE
"UQCRB",0.225023073341011,-0.300909,TRUE
"UQCRC1",-0.183950373861973,-0.337193999999999,TRUE
"UQCRC2",-0.0886273396065599,-0.273737500000001,TRUE
"UQCRFS1",-0.110876521508394,-0.361619624999999,TRUE
"UQCRQ",-0.138609153078533,0.0341645000000012,TRUE
"USP30",-0.0612310714698305,-0.0942619999999983,FALSE
"VARS2",0.448933852340586,0.0154807500000002,FALSE
"VDAC1",-0.0526817712193807,-0.226713999999999,FALSE
"VDAC2",-0.247004729254324,-0.333325249999999,FALSE
"VDAC3",-0.510013504249778,-0.395876249999999,FALSE
"VPS13D",0.191234226657732,-0.160819,FALSE
"VWA8",-0.181370809298681,-0.0838322499999971,FALSE
"WARS2",0.327575820647491,-0.10996725,FALSE
"XPNPEP3",0.271019966175821,-0.0368350000000004,FALSE
"YARS2",-0.171251762868757,-0.0832307500000004,FALSE
"YBEY",0.0117152984560583,0.0935267500000004,FALSE
"YME1L1",-0.0510439900968184,-0.174628249999998,FALSE
"YRDC",0.11274531009433,-0.199521999999999,FALSE
"ZADH2",0.379706531273353,-0.0662209999999995,FALSE
